model,trial,truth_sine_covariance,rb_normalized_estimate,ramsey_estimate
rtn,0,0.38330514232627905,0.336028091550812,0.372072234867126
rtn,1,0.38330514232627905,0.3444278747078002,0.41425185316190943
rtn,2,0.38330514232627905,0.28778340497354826,0.4099957323449803
rtn,3,0.38330514232627905,0.44229270154096945,0.3964516947588583
rtn,4,0.38330514232627905,0.41341898760457674,0.38019423597440943
rtn,5,0.38330514232627905,0.4720379686731053,0.40922005720964566
rtn,6,0.38330514232627905,0.47635464405450295,0.4194912647637795
rtn,7,0.38330514232627905,0.43915035217765747,0.3541423166830709
rtn,8,0.38330514232627905,0.38763571911909445,0.3962815652682087
rtn,9,0.38330514232627905,0.3319860743725394,0.4133531465305118
rtn,10,0.38330514232627905,0.2848659725639764,0.3263333538385827
rtn,11,0.38330514232627905,0.3818203182671014,0.3654881274606299
rtn,12,0.38330514232627905,0.3262939453125,0.3755324956938976
rtn,13,0.38330514232627905,0.35882039708415353,0.45339797613188976
rtn,14,0.38330514232627905,0.45987082654096945,0.37705308809055116
rtn,15,0.38330514232627905,0.2840073953463337,0.3708034725639764
rtn,16,0.38330514232627905,0.35500545952263785,0.3609994002214567
rtn,17,0.38330514232627905,0.30636284295029526,0.3893331692913386
rtn,18,0.38330514232627905,0.5092552365280512,0.4142172505536417
rtn,19,0.38330514232627905,0.44532691775344485,0.37328332615649606
rtn,20,0.38330514232627905,0.27367635411540353,0.39724563238188976
rtn,21,0.38330514232627905,0.42440315306656,0.41312150129183073
rtn,22,0.38330514232627905,0.3545945535494587,0.4048793522391732
rtn,23,0.38330514232627905,0.5064134973240649,0.3878337229330709
rtn,24,0.38330514232627905,0.23845522422490156,0.3404925489050197
rtn,25,0.38330514232627905,0.5741199883889025,0.42532853254183073
rtn,26,0.38330514232627905,0.28368299589382384,0.36543814591535434
rtn,27,0.38330514232627905,0.3487813153604823,0.3788053257258858
rtn,28,0.38330514232627905,0.30401635357714074,0.37129079263041337
rtn,29,0.38330514232627905,0.342256561039001,0.36287274698572836
rtn,30,0.38330514232627905,0.28915020800012303,0.3754036970964567
rtn,31,0.38330514232627905,0.3797376737819882,0.36122143362450787
rtn,32,0.38330514232627905,0.4941079447588583,0.3706198865034449
rtn,33,0.38330514232627905,0.4099046602023868,0.372069351316437
rtn,34,0.38330514232627905,0.5382111316590797,0.3566019854207677
rtn,35,0.38330514232627905,0.31506323626660926,0.38045279435285434
rtn,36,0.38330514232627905,0.3252753310316191,0.3428445650836614
rtn,37,0.38330514232627905,0.4822219488188977,0.35217669629675197
rtn,38,0.38330514232627905,0.24483940545029528,0.3694924181840551
rtn,39,0.38330514232627905,0.29469311331200787,0.37925515963336615
rtn,40,0.38330514232627905,0.5630190391240157,0.39506182332677164
rtn,41,0.38330514232627905,0.445253387210876,0.4354363388902559
rtn,42,0.38330514232627905,0.2451227143054872,0.3870272899237205
rtn,43,0.38330514232627905,0.4458243302472933,0.3499890425073819
rtn,44,0.38330514232627905,0.41313567874938484,0.3952011949434055
rtn,45,0.38330514232627905,0.3605570154865896,0.39307409571850394
rtn,46,0.38330514232627905,0.3641556867464321,0.3593865342027559
rtn,47,0.38330514232627905,0.33317770169475885,0.3270657757135827
rtn,48,0.38330514232627905,0.5362106683686023,0.4021947665477362
rtn,49,0.38330514232627905,0.46407936877153055,0.4106310746801181
rtn,50,0.38330514232627905,0.4609175554410679,0.3710774098794291
rtn,51,0.38330514232627905,0.2748290535033218,0.3823770838459646
rtn,52,0.38330514232627905,0.4722066563884104,0.41776690145177164
rtn,53,0.38330514232627905,0.36060243140994097,0.36905219611220474
rtn,54,0.38330514232627905,0.3760005920890748,0.3753825510580709
rtn,55,0.38330514232627905,0.4811016893762303,0.38036052073080706
rtn,56,0.38330514232627905,0.28247406726747043,0.37743275559793305
rtn,57,0.38330514232627905,0.3701246366726132,0.359135665292815
rtn,58,0.38330514232627905,0.5518813245878444,0.4072390578863189
rtn,59,0.38330514232627905,0.35072338674950787,0.37529604453740156
rtn,60,0.38330514232627905,0.3210970660832923,0.39364119402066927
rtn,61,0.38330514232627905,0.39241304172305613,0.38703786294291337
rtn,62,0.38330514232627905,0.2988757035863681,0.37848621278297245
rtn,63,0.38330514232627905,0.395475372554749,0.3820156788262795
rtn,64,0.38330514232627905,0.47325987327755903,0.3876347579355315
rtn,65,0.38330514232627905,0.4052916999876969,0.39668622354822836
rtn,66,0.38330514232627905,0.2404729888195128,0.37784318097933073
rtn,67,0.38330514232627905,0.3628775529035433,0.36216243233267714
rtn,68,0.38330514232627905,0.3613961287370817,0.3705112727608268
rtn,69,0.38330514232627905,0.4029841385488435,0.374636672613189
rtn,70,0.38330514232627905,0.4662312184731791,0.4305765947957677
rtn,71,0.38330514232627905,0.3686994417445866,0.3839111328125
rtn,72,0.38330514232627905,0.24825425035371557,0.3713628813976378
rtn,73,0.38330514232627905,0.25903080016609253,0.37425700510580706
rtn,74,0.38330514232627905,0.3691189983698327,0.37683682178887795
rtn,75,0.38330514232627905,0.5241170567790354,0.40978234959399606
rtn,76,0.38330514232627905,0.519718200203002,0.35606372262549213
rtn,77,0.38330514232627905,0.5025812584584154,0.3952473317544291
rtn,78,0.38330514232627905,0.3650683305394931,0.3574516716904528
rtn,79,0.38330514232627905,0.4831497312530758,0.41734974778543305
rtn,80,0.38330514232627905,0.3628926915446604,0.3638320081815945
rtn,81,0.38330514232627905,0.4343860055517963,0.3293831892839567
rtn,82,0.38330514232627905,0.36323655496432083,0.3667962982898622
rtn,83,0.38330514232627905,0.2436823807363435,0.37254129244586615
rtn,84,0.38330514232627905,0.2874763068251723,0.40526478684793305
rtn,85,0.38330514232627905,0.39844470887672245,0.33568759227362205
rtn,86,0.38330514232627905,0.363809660663755,0.41437680702509844
rtn,87,0.38330514232627905,0.3771814060962106,0.3759900190698819
rtn,88,0.38330514232627905,0.4521782341904527,0.410523422121063
rtn,89,0.38330514232627905,0.3697591466227854,0.4163635734498031
rtn,90,0.38330514232627905,0.5097137210875984,0.37450114573080706
rtn,91,0.38330514232627905,0.36509211983267714,0.3859498031496063
rtn,92,0.38330514232627905,0.4085573211429626,0.39414966012549213
rtn,93,0.38330514232627905,0.3429334745632382,0.3660244678887795
rtn,94,0.38330514232627905,0.33330313614972934,0.3944870355561024
rtn,95,0.38330514232627905,0.3414780023529773,0.39641420859990156
rtn,96,0.38330514232627905,0.47858002429872043,0.3655544491264764
rtn,97,0.38330514232627905,0.42697672205647147,0.4022716612327756
rtn,98,0.38330514232627905,0.2899006520669291,0.38422159510334647
rtn,99,0.38330514232627905,0.33044193297859253,0.33296552042322836
rtn,100,0.38330514232627905,0.42070283664493113,0.3720260980561024
rtn,101,0.38330514232627905,0.38629703071173715,0.3753777451402559
rtn,102,0.38330514232627905,0.3292805829386073,0.3537809116633858
rtn,103,0.38330514232627905,0.4594923605130413,0.3785909817913386
rtn,104,0.38330514232627905,0.31615970641609253,0.42555921659694884
rtn,105,0.38330514232627905,0.3181688203586368,0.38191763810285434
rtn,106,0.38330514232627905,0.5137600635919045,0.36113108236958663
rtn,107,0.38330514232627905,0.4518019308255413,0.41559366541584647
rtn,108,0.38330514232627905,0.3514868067944144,0.4226343350147638
rtn,109,0.38330514232627905,0.4455172320989173,0.3661648006889764
rtn,110,0.38330514232627905,0.38950209730253443,0.4165481206938976
rtn,111,0.38330514232627905,0.2791132889394685,0.348145492433563
rtn,112,0.38330514232627905,0.2631658118540846,0.33002622108759844
rtn,113,0.38330514232627905,0.41771836168184057,0.4294202909694882
rtn,114,0.38330514232627905,0.28979251891609253,0.39942463551919294
rtn,115,0.38330514232627905,0.32486226239542326,0.33798385980561024
rtn,116,0.38330514232627905,0.34975667638102853,0.40497258704478345
rtn,117,0.38330514232627905,0.3532126118817667,0.4144412063238189
rtn,118,0.38330514232627905,0.2785163939468504,0.39395646222933073
rtn,119,0.38330514232627905,0.292082779050812,0.4103129229207677
rtn,120,0.38330514232627905,0.2751253383366142,0.31241829939714566
rtn,121,0.38330514232627905,0.4253049835445374,0.4108607975516732
rtn,122,0.38330514232627905,0.5228562242402806,0.3939074418676181
rtn,123,0.38330514232627905,0.33502029058501476,0.3964699572465551
rtn,124,0.38330514232627905,0.37465757835568403,0.3858459953248031
rtn,125,0.38330514232627905,0.38705612543061024,0.3708678718626969
rtn,126,0.38330514232627905,0.4303439883735236,0.36884458046259844
rtn,127,0.38330514232627905,0.3055583323080709,0.3767531988188976
rtn,128,0.38330514232627905,0.373898483636811,0.4168979915108268
rtn,129,0.38330514232627905,0.3198124442513533,0.38716666154035434
rtn,130,0.38330514232627905,0.3673931932824803,0.33757920152559057
rtn,131,0.38330514232627905,0.4305818813053642,0.4123150682824803
rtn,132,0.38330514232627905,0.48075782595656985,0.40137391578494097
rtn,133,0.38330514232627905,0.38460799089566927,0.3776413324311024
rtn,134,0.38330514232627905,0.31627865288201285,0.3802259550319882
rtn,135,0.38330514232627905,0.2574823334461122,0.3983779066190945
rtn,136,0.38330514232627905,0.3895756278451033,0.3685158556840551
rtn,137,0.38330514232627905,0.4437243844580463,0.37421567421259844
rtn,138,0.38330514232627905,0.26205204040046753,0.4016641932209646
rtn,139,0.38330514232627905,0.39873883104699803,0.3611368494709646
rtn,140,0.38330514232627905,0.3830487108606053,0.35703355684055116
rtn,141,0.38330514232627905,0.31627432755597934,0.3913093626968504
rtn,142,0.38330514232627905,0.39749313714936024,0.3557936300442913
rtn,143,0.38330514232627905,0.441650390625,0.381352462167815
rtn,144,0.38330514232627905,0.4126036636472687,0.44530384934793305
rtn,145,0.38330514232627905,0.36956450695127957,0.35220841535433073
rtn,146,0.38330514232627905,0.4171582319605069,0.3494180994709646
rtn,147,0.38330514232627905,0.326261505367249,0.37864673043799213
rtn,148,0.38330514232627905,0.5215283491480069,0.44739826833169294
rtn,149,0.38330514232627905,0.37716194212906,0.34185358483021655
rtn,150,0.38330514232627905,0.4950097752368356,0.42237866018700787
rtn,151,0.38330514232627905,0.5844899575541338,0.3975695512426181
rtn,152,0.38330514232627905,0.4757296344426673,0.42146169106791337
rtn,153,0.38330514232627905,0.3084498127614419,0.36448272945374016
rtn,154,0.38330514232627905,0.38849645899975394,0.3837054395300197
rtn,155,0.38330514232627905,0.46933896522822344,0.385009765625
rtn,156,0.38330514232627905,0.3975709930179626,0.42589563084399606
rtn,157,0.38330514232627905,0.39462544598917326,0.36383681409940943
rtn,158,0.38330514232627905,0.36570199080339566,0.38909287340059057
rtn,159,0.38330514232627905,0.29199843519315943,0.3751730130413386
rtn,160,0.38330514232627905,0.32458111620324803,0.3971437469242126
rtn,161,0.38330514232627905,0.45731023352915845,0.39119209830216534
rtn,162,0.38330514232627905,0.286905363788755,0.34881159264271655
rtn,163,0.38330514232627905,0.493253692867249,0.4325921967273622
rtn,164,0.38330514232627905,0.3215771772730069,0.4139135165477362
rtn,165,0.38330514232627905,0.38580178088090555,0.33379694420521655
rtn,166,0.38330514232627905,0.37813946581262303,0.39290877214566927
rtn,167,0.38330514232627905,0.38289732444943403,0.3629015824926181
rtn,168,0.38330514232627905,0.3953131728284941,0.3775029219980315
rtn,169,0.38330514232627905,0.3675835076279527,0.39638248954232286
rtn,170,0.38330514232627905,0.4646957277312992,0.42570147176427164
rtn,171,0.38330514232627905,0.46111435777559057,0.41124719334399606
rtn,172,0.38330514232627905,0.3715455062746063,0.35290142870324803
rtn,173,0.38330514232627905,0.42181012010949803,0.41763810285433073
rtn,174,0.38330514232627905,0.4722477469857283,0.4021322896161417
rtn,175,0.38330514232627905,0.40886874461737205,0.3722423643577756
rtn,176,0.38330514232627905,0.36572794275959647,0.38431098517470474
rtn,177,0.38330514232627905,0.4567155011995571,0.3816446619709646
rtn,178,0.38330514232627905,0.3949455201156496,0.3837429256889764
rtn,179,0.38330514232627905,0.5245171494371309,0.4062663401205709
rtn,180,0.38330514232627905,0.5776472917691929,0.3879577156126969
rtn,181,0.38330514232627905,0.3346439872201033,0.42163951002706695
rtn,182,0.38330514232627905,0.38651762233944387,0.364504836675689
rtn,183,0.38330514232627905,0.36801820289431597,0.3908297320989173
rtn,184,0.38330514232627905,0.41733340766486215,0.3723355991633858
rtn,185,0.38330514232627905,0.25966229776697836,0.319704070804626
rtn,186,0.38330514232627905,0.42645984559547245,0.4076619786540354
rtn,187,0.38330514232627905,0.47681096595103345,0.40848090704970474
rtn,188,0.38330514232627905,0.38712100532111215,0.39603165754183073
rtn,189,0.38330514232627905,0.33269759050504427,0.36714424673966534
rtn,190,0.38330514232627905,0.442441925289124,0.3801548274483268
rtn,191,0.38330514232627905,0.403803787832185,0.42744986466535434
rtn,192,0.38330514232627905,0.49527362012487697,0.41571669691190943
rtn,193,0.38330514232627905,0.42025516540046753,0.4534066267839567
rtn,194,0.38330514232627905,0.3981527493694636,0.41237562284694884
rtn,195,0.38330514232627905,0.505185104730561,0.3679064653051181
rtn,196,0.38330514232627905,0.4264360563022884,0.4074918491633858
rtn,197,0.38330514232627905,0.3206991360882136,0.32640832615649606
rtn,198,0.38330514232627905,0.3124269500492126,0.42053895484744097
rtn,199,0.38330514232627905,0.3691298116849163,0.4036144346702756
reset,0,0.0,-0.021687184731791338,-0.019643708476870077
reset,1,0.0,0.06276480607160433,0.08662762979822834
reset,2,0.0,-0.05538147453248032,-0.026381605253444882
reset,3,0.0,0.11107004721333662,0.060321958046259845
reset,4,0.0,-0.11270718311700295,-0.03250242218257874
reset,5,0.0,-0.03456800565944882,0.021205631766732284
reset,6,0.0,0.18759587806040845,0.10139429287647637
reset,7,0.0,0.05434339628444882,-0.04595130259596457
reset,8,0.0,0.06105630228838582,0.017426257997047244
reset,9,0.0,0.1573921263687254,0.042414147084153545
reset,10,0.0,0.12155031219242125,0.02141516978346457
reset,11,0.0,0.04827496385949803,0.012538639579232283
reset,12,0.0,0.04356252114603839,0.06162340059055118
reset,13,0.0,0.032308022806963585,0.04340224378690945
reset,14,0.0,0.1362975113035187,0.09825698972687008
reset,15,0.0,-0.11617825725885828,0.004529096948818898
reset,16,0.0,-0.03870734267347441,-0.009387879859744094
reset,17,0.0,0.16961333507627951,0.07031057763287402
reset,18,0.0,-0.14183392862635336,0.019141009473425195
reset,19,0.0,0.07164253775529035,0.016998531311515748
reset,20,0.0,-0.05836594949557086,-0.020817313607283464
reset,21,0.0,-0.03237074003444882,-0.05101673997293307
reset,22,0.0,0.01852753406434547,0.10377898929625984
reset,23,0.0,0.08042511226624015,-0.00021530511811023622
reset,24,0.0,-0.08490182471087598,0.04074937715305118
reset,25,0.0,-0.027558814822219488,0.0016234390378937007
reset,26,0.0,-0.03073576679379921,-0.005554679810531496
reset,27,0.0,0.04221734474963091,-0.0002104992002952756
reset,28,0.0,-0.005525604007750985,-0.06125622846948819
reset,29,0.0,0.07516984113558071,0.030394546628937008
reset,30,0.0,0.08074951171875,-0.04214117095226378
reset,31,0.0,0.03243778258796752,0.019179456815944882
reset,32,0.0,-0.004279910110113189,0.013021153727854331
reset,33,0.0,-0.07848087821419783,-0.0687755674827756
reset,34,0.0,-0.00045415923351377775,0.016268992987204724
reset,35,0.0,-0.0588438980222687,0.03674700879675197
reset,36,0.0,0.12518142339751476,0.010627806656003937
reset,37,0.0,-0.02886506328432579,0.07239442359744094
reset,38,0.0,-0.08315223033033957,-0.07911598025344488
reset,39,0.0,0.1233496478223425,0.07953890102116142
reset,40,0.0,0.06861480953186516,-0.020441490834153545
reset,41,0.0,-0.0797849640132874,0.0005055825541338582
reset,42,0.0,0.07892206146961121,0.04238531157726378
reset,43,0.0,-0.014204370693897638,-0.03342131366879921
reset,44,0.0,0.06414242241326279,0.0367431640625
reset,45,0.0,-0.06656676765501969,-0.025014802226870077
reset,46,0.0,-0.011656753660187008,-0.04905592550442913
reset,47,0.0,-0.10320876714751476,-0.04545052595964567
reset,48,0.0,0.002657912847563976,-0.061806986651082675
reset,49,0.0,0.07590947188730315,-0.023204893577755906
reset,50,0.0,0.06610828309547244,0.05408291553887795
reset,51,0.0,-0.018895186777189963,-0.041946050688976375
reset,52,0.0,-0.15747647022637795,-0.07130348025344488
reset,53,0.0,-0.11925356406865158,-0.041836475762795276
reset,54,0.0,-0.03719780388779527,0.009293683870570866
reset,55,0.0,-0.011565921813484252,0.010840228223425197
reset,56,0.0,0.00011462113988681102,0.03177096149114173
reset,57,0.0,-0.09592059278112697,-0.038115734190452756
reset,58,0.0,0.01298462875246063,0.00018646961122047243
reset,59,0.0,0.009416234774852362,0.033837506151574805
reset,60,0.0,0.15576796644315943,0.08049623984990158
reset,61,0.0,-0.045158566452386806,-0.04615699587844488
reset,62,0.0,-0.02025550181471457,-0.04112327755905512
reset,63,0.0,-0.03274271807332677,0.036500945804625984
reset,64,0.0,0.0005428284171998027,-0.06495966873769685
reset,65,0.0,0.10957997239480807,0.08635465366633858
reset,66,0.0,0.002525990403543307,0.0698617049089567
reset,67,0.0,0.024247777743602365,0.046538585752952756
reset,68,0.0,-0.06715501199557086,0.010858490711122047
reset,69,0.0,-0.11102030596395178,-0.038449264886811024
reset,70,0.0,0.11866315706508365,0.06637933686023623
reset,71,0.0,-0.07523904635211615,0.05732979361466536
reset,72,0.0,0.012783501091904528,0.012789508489173228
reset,73,0.0,0.011031744048351378,0.005881482221948819
reset,74,0.0,-0.0008326252614419291,-0.028110774483267716
reset,75,0.0,-0.030597356360728346,-0.0039331631397637795
reset,76,0.0,0.0503965362789124,-0.008529542937992126
reset,77,0.0,-0.09338595172551672,-0.02598175289124016
reset,78,0.0,-0.04773646076833169,0.04993252491387795
reset,79,0.0,-0.047768900713582675,-0.08137860636072834
reset,80,0.0,-0.017883060485359252,0.013068251722440945
reset,81,0.0,-0.04113385057824803,-0.003733236958661417
reset,82,0.0,-0.0448363296628937,0.013244148314468504
reset,83,0.0,0.09969011441929135,0.019545667753444882
reset,84,0.0,-0.011085810623769687,-0.00117552749753937
reset,85,0.0,0.06261774498646654,0.005982406496062992
reset,86,0.0,-0.0072059931717519685,0.041670191006397635
reset,87,0.0,0.06810442105991635,-0.046299251045767716
reset,88,0.0,-0.013170617771899606,0.03779854361466536
reset,89,0.0,0.026129294568159447,-0.007852869709645669
reset,90,0.0,-0.029332198495939963,-0.036321204478346455
reset,91,0.0,0.10701072873093011,0.007403035802165355
reset,92,0.0,-0.0020047886165108267,0.024069958784448817
reset,93,0.0,-0.05820807509534941,-0.00894285187007874
reset,94,0.0,-0.16032253475639763,-0.028213621124507874
reset,95,0.0,-0.05736679918184055,0.0049174151082677165
reset,96,0.0,-0.005655363788754922,0.0111083984375
reset,97,0.0,-0.05104533518393209,-0.024383304625984252
reset,98,0.0,0.15970185047059549,0.0261595718503937
reset,99,0.0,0.027647484005905512,0.0372314453125
reset,100,0.0,-0.013605313038262795,-0.05696838859498032
reset,101,0.0,-0.052368884950172244,-0.023019385150098423
reset,102,0.0,-0.09943708284633365,-0.013147068774606299
reset,103,0.0,-0.12410009188914861,-0.07396980345718504
reset,104,0.0,-0.061160110113188976,-0.08956020084891732
reset,105,0.0,0.061036838321235236,0.055814968319389764
reset,106,0.0,0.01981648122231791,-0.04051292599655512
reset,107,0.0,-0.020186296598179134,0.03181037001722441
reset,108,0.0,0.04130902628260334,-0.04286301980807087
reset,109,0.0,-0.03825967142901082,-0.04407795583169291
reset,110,0.0,-0.04806302288385827,-0.004334937869094488
reset,111,0.0,-0.1623705766332431,-0.01653812438484252
reset,112,0.0,-0.02771452655942421,0.02626337967519685
reset,113,0.0,-0.00644041046382874,0.006920521653543307
reset,114,0.0,0.08683092012180119,-0.011341004859744094
reset,115,0.0,0.08100686861774115,-0.04865895669291338
reset,116,0.0,-0.08783439576156496,-0.016862043245570866
reset,117,0.0,-0.1001767135980561,0.014461006705216535
reset,118,0.0,0.029968021422859252,0.05076490987942913
reset,119,0.0,-0.1257523664339321,0.0012697234867125983
reset,120,0.0,0.04135660486897146,0.026642085999015748
reset,121,0.0,0.05435637226254921,0.010234682578740158
reset,122,0.0,-0.05855410117802658,-0.06089097871555118
reset,123,0.0,-0.18585493433193898,-0.010353869340551181
reset,124,0.0,-0.09872124138779528,0.026261457308070866
reset,125,0.0,-0.040117398960383854,-0.039707454170767716
reset,126,0.0,-0.05484513410433071,-0.036862350824311024
reset,127,0.0,0.18037258358452263,0.08775509811761811
reset,128,0.0,0.06222414031742125,0.026952548289862203
reset,129,0.0,0.1324068805364173,-0.02974767009104331
reset,130,0.0,-0.08654328594057578,-0.005785363865649607
reset,131,0.0,0.03209824449434055,0.02452267624261811
reset,132,0.0,0.04736664539247047,0.023824856975885825
reset,133,0.0,-0.04803923359067421,-0.020344411294291338
reset,134,0.0,0.13252150167630414,-0.05256040077509842
reset,135,0.0,-0.005289873738927166,-0.04679041584645669
reset,136,0.0,0.21641552542138287,0.04901843934547244
reset,137,0.0,0.06593959538016732,0.006810946727362204
reset,138,0.0,-0.0852175735113189,-0.06329489880659449
reset,139,0.0,-0.011049045352485236,0.05561023622047244
reset,140,0.0,-0.090087890625,-0.04531596026082677
reset,141,0.0,-0.09405853992372047,0.009240818774606299
reset,142,0.0,-0.04478442575049212,-0.005945881520669292
reset,143,0.0,-0.21797048013041337,-0.08515701894685039
reset,144,0.0,-0.02053016001783957,0.006116011011318897
reset,145,0.0,0.029280294583538386,0.011881190022145669
reset,146,0.0,0.08747755636380414,0.08699287955216535
reset,147,0.0,0.04102788009042815,0.001808947465551181
reset,148,0.0,-0.02676511749507874,0.01919195220226378
reset,149,0.0,-0.07161442313607283,-0.04315329724409449
reset,150,0.0,-0.02878071942667323,0.050635150098425195
reset,151,0.0,-0.02106433778297244,-0.021926519438976378
reset,152,0.0,0.1575067475086122,0.006451464074803149
reset,153,0.0,-0.02607090266670768,0.041591373954232284
reset,154,0.0,0.04616204209215059,0.012263741080216536
reset,155,0.0,-0.07390900859682578,-0.04862243171751968
reset,156,0.0,-0.03623974417138288,-0.0009390763410433072
reset,157,0.0,0.11495635265440453,0.0634160079355315
reset,158,0.0,-0.003265621155265748,-0.008388248954232283
reset,159,0.0,-0.037606547197957675,0.011517862635334646
reset,160,0.0,-0.17913986566498522,0.03766590028297244
reset,161,0.0,0.05505058709092027,0.08173424427903543
reset,162,0.0,-0.09039715143639271,-0.04961437315452756
reset,163,0.0,0.021583376906988187,-0.013245109498031496
reset,164,0.0,-0.021010271207554134,-0.04651455616387795
reset,165,0.0,-0.03761303518700788,0.024634173535925195
reset,166,0.0,-0.1547601654773622,-0.01822884627214567
reset,167,0.0,-0.11093596210629922,-0.04433170829232284
reset,168,0.0,0.027413916400098427,0.0012937530757874017
reset,169,0.0,-0.11099867933378446,-0.024887925996555118
reset,170,0.0,0.1062992125984252,0.03818590059055118
reset,171,0.0,0.07221348079170768,0.062289500799704724
reset,172,0.0,0.017854945866141732,-0.051887572281003935
reset,173,0.0,0.07095913624200295,-0.024352546751968504
reset,174,0.0,-0.07883122962290846,-0.018006812869094488
reset,175,0.0,-0.008021317129060039,0.054785540723425195
reset,176,0.0,-0.0532166488527313,0.0051913524237204725
reset,177,0.0,-0.047727810116264764,-0.03546959584153543
reset,178,0.0,-0.019005482591043305,-0.04341185562253937
reset,179,0.0,-0.11374742402805119,-0.018882451094980313
reset,180,0.0,-0.10371266763041338,-0.03368275559793307
reset,181,0.0,-0.031224528635580708,-0.0615349717027559
reset,182,0.0,-0.010575422151820866,0.032091996801181105
reset,183,0.0,0.12125619002214567,0.049091489296259845
reset,184,0.0,0.017450527882012797,0.04067536601870079
reset,185,0.0,-0.03953996793491634,-0.02277332215797244
reset,186,0.0,-0.03834401528666339,0.01242425873523622
reset,187,0.0,-0.11825008842888779,-0.11201729361466535
reset,188,0.0,-0.009731983575295276,-0.03770146407480315
reset,189,0.0,-0.04431945320189468,-0.06737800658218504
reset,190,0.0,-0.10588830662524606,0.007078155757874016
reset,191,0.0,0.006429597148745078,-0.03119232898622047
reset,192,0.0,-0.016367033710629923,0.012077271468996063
reset,193,0.0,0.04384150467519685,0.04531980499507874
reset,194,0.0,0.028304933562992126,-0.1028072327140748
reset,195,0.0,-0.03329852246862697,0.025292584276574805
reset,196,0.0,-0.023681160033218504,-0.011435200848917323
reset,197,0.0,-0.034066267839566934,-0.00700318343996063
reset,198,0.0,-0.03445554718257874,-0.06507885549950787
reset,199,0.0,0.19549176073449803,0.08058274637057086
static,0,0.0,0.010047732375738215,-0.015201118048720486
static,1,0.0,0.009381632166584636,0.00040561946358264045
static,2,0.0,0.08929851862389271,-0.023892139825295255
static,3,0.0,0.11519857091227852,0.03854538324311024
static,4,0.0,-0.08856970118725391,6.34381151575214e-05
static,5,0.0,0.015266238235113215,0.033730814776082696
static,6,0.0,0.19252458707554135,0.021298866572342534
static,7,0.0,0.10408032034325787,0.032240980253444906
static,8,0.0,0.1275711660310039,-0.005158672182578705
static,9,0.0,-0.10410410963644193,-0.0006372647022637734
static,10,0.0,-0.023114542322834636,-0.004844365157480324
static,11,0.0,0.06092437984436517,-0.003710168553149651
static,12,0.0,-0.1119372750830463,0.00529035433070868
static,13,0.0,-0.02845631997416341,-0.0013418122539370358
static,14,0.0,0.05850435992864173,-0.014721487450787385
static,15,0.0,0.011325866218626954,0.0024442898006890035
static,16,0.0,0.030716302826648632,0.023889256274606308
static,17,0.0,-0.18420482245017228,0.0037274698572834497
static,18,0.0,0.11557703694020671,0.01135061669537396
static,19,0.0,0.12421255036601869,-0.002653827817421295
static,20,0.0,-0.0028352512149360035,0.01834226593257876
static,21,0.0,-0.03868787870632383,0.004352239173228356
static,22,0.0,-0.0006336602639025399,-0.020586629552165392
static,23,0.0,0.13620451679379922,0.05889075572096458
static,24,0.0,-0.07601544237512305,0.016118087167814932
static,25,0.0,-0.034790759950172265,-0.011395792322834608
static,26,0.0,0.028413066713828712,0.011317936454232291
static,27,0.0,-0.03200524998462109,0.012565552718996065
static,28,0.0,0.1376448503629429,-0.009688730314960647
static,29,0.0,-0.033908393439345444,0.03514567698080706
static,30,0.0,-0.03888035571481302,0.009666623093011806
static,31,0.0,-0.06095249446358268,0.03781392255167326
static,32,0.0,-0.0659677099993849,-0.001483106237696874
static,33,0.0,0.002880667138287371,0.0019089105561023167
static,34,0.0,0.081573486328125,-0.034538208968996065
static,35,0.0,-0.040154164231668295,-0.0027509073572834497
static,36,0.0,0.007459024744709636,0.0016263225885826404
static,37,0.0,0.008853942390501954,0.013942928764763773
static,38,0.0,0.09090753990834154,0.016126737819881887
static,39,0.0,0.03849756436085137,0.016628475639763773
static,40,0.0,-0.00574403297244095,0.0070675827386810774
static,41,0.0,0.06280589666892226,-0.014098640501968518
static,42,0.0,-0.07574294683501478,-0.015296275221456712
static,43,0.0,0.06454035240834154,-0.019901305671751968
static,44,0.0,-0.07976333738312005,0.0071079524483267376
static,45,0.0,-0.1393230768639272,-0.015015609621062964
static,46,0.0,-0.016269713874876954,0.024590920275590566
static,47,0.0,-0.10670146791953737,-0.037395807701771644
static,48,0.0,0.08845724271038385,0.023857537217027547
static,49,0.0,-0.007796400175319858,-0.008716012549212615
static,50,0.0,-0.05756143885334648,0.004154235359251968
static,51,0.0,-0.027900515578863215,-0.004702109990157521
static,52,0.0,0.0203722856176181,0.0032814806840550936
static,53,0.0,0.022842046782726368,-0.01009050504429132
static,54,0.0,0.07282335176242617,0.00982137364665353
static,55,0.0,-0.005246620478592513,0.009666623093011806
static,56,0.0,0.03644519715797246,0.0013533464566929387
static,57,0.0,-0.0038171002245324867,-0.020162747600885877
static,58,0.0,0.036596583569143686,-0.024339090182086576
static,59,0.0,-0.016663318543922265,0.0010813315083660902
static,60,0.0,-0.05305444912647637,-0.0055450679749016185
static,61,0.0,0.008027805118110222,0.004466620017224421
static,62,0.0,-0.0748021884227362,0.0046963428887795144
static,63,0.0,0.025002547136441927,0.011127622108759838
static,64,0.0,0.050197571281373046,0.012307955524114123
static,65,0.0,-0.038555956262303126,0.004160002460629919
static,66,0.0,-0.01129775159940944,0.005688284325787385
static,67,0.0,0.09741283026267226,-0.008602592888779514
static,68,0.0,0.024223988450418295,-0.0012399267962598381
static,69,0.0,-0.05113184170460143,0.007358821358267709
static,70,0.0,-0.054352046936515755,-0.039226862389271644
static,71,0.0,0.011526993879183073,-0.005902628260334608
static,72,0.0,0.024438092089074805,0.012122447096456712
static,73,0.0,0.09356761541892226,-0.01395542415108264
static,74,0.0,-0.08023479792076771,0.018631582185039353
static,75,0.0,-0.041823740080585675,0.008579524483267709
static,76,0.0,0.05297226793184056,0.017907810962106308
static,77,0.0,-0.12619354968934543,0.022809847133366146
static,78,0.0,-0.03783146415169785,-0.020902858944389813
static,79,0.0,-0.03127859521099902,0.012592465858759838
static,80,0.0,-0.01855564868356302,-0.008329616756889813
static,81,0.0,-0.05939970241756888,-0.00031719057578738497
static,82,0.0,-0.07657124677042318,-0.006538931779035417
static,83,0.0,-0.029444656972810027,0.014562892162893748
static,84,0.0,-0.11789541169414369,0.0007295383243109965
static,85,0.0,-0.005551555963951758,0.02080866295521655
static,86,0.0,-0.1288817398191437,-0.018239419291338543
static,87,0.0,-0.05927210529958164,0.01176873154527558
static,88,0.0,-0.08278674028051178,-0.009087990588090511
static,89,0.0,0.043473851962352345,-0.031194251353346414
static,90,0.0,-0.021479569082185027,-0.02607114296259838
static,91,0.0,-0.07943244994156003,-0.00107460322342523
static,92,0.0,0.06586822750061516,-0.03444497416338588
static,93,0.0,-0.105566069835753,-0.003946619709645716
static,94,0.0,0.014727735143946874,-0.0068936085137795144
static,95,0.0,-0.042708269254429165,0.01606329970472442
static,96,0.0,-0.08859997846948815,-0.012160894438976388
static,97,0.0,-0.0185816006397638,0.012446365957185068
static,98,0.0,-0.11713415431225391,-0.009389802226870025
static,99,0.0,-0.05785988634965553,-0.01642758827509838
static,100,0.0,0.09146550696665846,0.007163701094980324
static,101,0.0,-0.016832006259227345,0.020807701771653586
static,102,0.0,-0.04034664124015749,0.0008583369217519676
static,103,0.0,-0.0929858590674213,-0.010402889702263773
static,104,0.0,-0.0342955101193405,-0.01651025006151574
static,105,0.0,-0.018155556025467513,-0.008470910740649651
static,106,0.0,-0.017582450326033464,-0.010973832738681133
static,107,0.0,-0.16253926434854823,0.01993014117864178
static,108,0.0,-0.02969768854576771,-0.0011822557824803237
static,109,0.0,0.03159866933747539,0.0025923120693898127
static,110,0.0,0.03730809970164863,-0.012136864849901619
static,111,0.0,0.20596770038754922,-0.030170590858759838
static,112,0.0,-0.0024156945896899734,-0.043253260334645716
static,113,0.0,-0.021163820281742123,-0.011879267655019676
static,114,0.0,0.022041861466535417,0.042071004552165336
static,115,0.0,-0.015047809270423242,-0.016805333415354284
static,116,0.0,0.21496654120017228,-0.0030286894069881942
static,117,0.0,0.09135953647883854,-0.007538562684547223
static,118,0.0,-0.05280574287955215,0.0005296121432086798
static,119,0.0,-0.0004152312992126289,-0.0070041446235236116
static,120,0.0,0.05101505790169785,0.02494271345964566
static,121,0.0,-0.12888822780819387,-0.0025798166830708347
static,122,0.0,-0.08510511503444883,-0.006435123954232291
static,123,0.0,-0.02937761441929134,-0.018169252891240162
static,124,0.0,0.06166401059608763,-0.009777159202755903
static,125,0.0,-0.03077469472810039,-0.00942344365157477
static,126,0.0,-0.04972827340674212,-0.03688734159694884
static,127,0.0,-0.03235776405634844,0.020108921321358275
static,128,0.0,-0.10292545829232279,0.005051980807086576
static,129,0.0,-0.028460645300196874,0.020268477792814932
static,130,0.0,-0.014035682978592513,-0.023571104515255903
static,131,0.0,0.10179222287155515,0.020569328248031482
static,132,0.0,0.0282422163355069,0.02789066344734248
static,133,0.0,-0.014247623954232291,-0.019069881889763773
static,134,0.0,-0.032630259596456705,0.010261595718503935
static,135,0.0,-0.03155757874015749,0.015931617556594446
static,136,0.0,0.014846681609867185,0.013165331262303126
static,137,0.0,0.11303807055856302,-0.020665446604330673
static,138,0.0,0.018244225209153517,-0.011887918307086576
static,139,0.0,0.03113369678887793,-0.03392497385580706
static,140,0.0,0.00811863696481302,-0.0033305010457677087
static,141,0.0,-0.04468710591473919,0.028600978100393748
static,142,0.0,0.1753616933747539,0.01005974717027558
static,143,0.0,-0.06204896461306595,-0.013461375799704745
static,144,0.0,-0.16552806463767228,0.009119709645669327
static,145,0.0,-0.04022120678518698,0.01977442944143698
static,146,0.0,0.0001427357591043607,-0.02018966074064965
static,147,0.0,0.07202965443528542,0.031943974532480324
static,148,0.0,-0.12049709530327266,0.02743986835629919
static,149,0.0,-0.026276355653297265,-0.0030661755659449064
static,150,0.0,-0.02035930963951771,-0.01954182301919294
static,151,0.0,0.011490228607898632,0.017995278666338543
static,152,0.0,-0.01637135903666341,0.01950529804379919
static,153,0.0,0.03381756159264271,-0.024335245447834608
static,154,0.0,0.017582450326033464,-0.015337606114665392
static,155,0.0,-0.038685716043307096,-0.03311661847933067
static,156,0.0,0.14120026836245078,0.025289700725885822
static,157,0.0,-0.06155587744525098,-0.0029690960260826404
static,158,0.0,0.20689548282172734,-0.027713805671751968
static,159,0.0,0.07220915546567422,-0.01327298382135822
static,160,0.0,-0.09334486112819883,-0.0014494648129921295
static,161,0.0,-0.0351086714136319,-0.010380782480314932
static,162,0.0,-0.16593897061085144,-0.001654196911909489
static,163,0.0,-0.12690290315883365,-0.004471425935039353
static,164,0.0,0.11705629844365156,0.0011265071358267376
static,165,0.0,0.06669652743602364,-0.013990026759350349
static,166,0.0,-0.13056645430917813,-0.010613388902559029
static,167,0.0,-0.07879013902559057,-0.027510034756397683
static,168,0.0,0.07734980545644687,0.059479961245078705
static,169,0.0,-0.2011449618602362,-0.017451248769685068
static,170,0.0,0.03907499538631888,0.015988327386810997
static,171,0.0,0.016650342565821874,0.039898729699803126
static,172,0.0,-0.0887081116203248,-0.02015698049950787
static,173,0.0,0.13128878375676672,0.0038601131889763884
static,174,0.0,-0.08926824134165846,0.007032018946850349
static,175,0.0,-0.07246434970164864,0.02399114173228345
static,176,0.0,0.06351525013841042,0.0001470610851378451
static,177,0.0,-0.05296361727977363,0.011756236158956712
static,178,0.0,-0.039209080493356314,0.01926115741879919
static,179,0.0,0.024271567036786394,-0.001171682763287385
static,180,0.0,0.023927703617125977,0.032340943343996065
static,181,0.0,-0.1693343515471211,0.011854276882381887
static,182,0.0,-0.024223988450418295,-0.012892355130413424
static,183,0.0,0.1540162093996063,-0.003942774975393748
static,184,0.0,-0.130551315668061,0.013497900775098381
static,185,0.0,0.10679662509227364,0.012331023929625984
static,186,0.0,-0.05875090351254922,0.001867579662893748
static,187,0.0,0.10355695589320865,-0.02260703740157477
static,188,0.0,-0.07323642039862208,0.02089132474163391
static,189,0.0,0.039568082554133854,0.011591873769685013
static,190,0.0,0.07945191390871062,-0.03266678457185035
static,191,0.0,-0.040264460045521616,-0.0068878414124016185
static,192,0.0,0.0654702975055364,0.0015052134596457156
static,193,0.0,-0.040203905481053126,0.012536717212106308
static,194,0.0,0.026135782557209636,-0.012589582308070835
static,195,0.0,-0.06902571550504427,0.023324080339566955
static,196,0.0,0.17134346548966536,1.2495386318867041e-05
static,197,0.0,-0.06135474978469492,-0.014582115834153586
static,198,0.0,-0.04080080047367129,-0.06255767101377951
static,199,0.0,0.11042989896038385,-0.013358529158464583
white,0,0.0,-0.0688245878444882,0.026758389210137797
white,1,0.0,-0.000274658203125,-0.02325103038877953
white,2,0.0,-0.12410874254121554,-0.037154550627460634
white,3,0.0,-0.03970000499815453,-0.0046800027682086616
white,4,0.0,-0.07172039362389271,0.02055298812746063
white,5,0.0,0.02846064530019685,0.01576917753444882
white,6,0.0,-0.020631805179625984,0.017539677657480313
white,7,0.0,0.10283895177165354,-0.0001287985974409451
white,8,0.0,0.07914697842335139,0.018651767039862203
white,9,0.0,-0.003531628706323819,0.0629392608882874
white,10,0.0,0.11456707331139271,0.06303249569389764
white,11,0.0,0.15212387925996557,-0.030548335999015748
white,12,0.0,-0.13993078517162894,0.07160336952509842
white,13,0.0,0.055076539047121065,-0.01553464874507874
white,14,0.0,-0.07432856522207185,-0.02017908772145669
white,15,0.0,0.1103844830370325,0.055581400713582675
white,16,0.0,-0.12322853869340551,0.026164377768208662
white,17,0.0,-0.020891324741633858,0.02374507874015748
white,18,0.0,-0.03152081346887303,0.02837125522883858
white,19,0.0,0.059358611820250984,0.05423670490895669
white,20,0.0,0.014662855253444882,-0.005691167876476378
white,21,0.0,0.14271413247416337,0.04498146838090551
white,22,0.0,0.005992739219365157,-0.012988473486712598
white,23,0.0,0.041931873231422244,0.024543822281003935
white,24,0.0,-0.0700573057640256,0.0009112020177165354
white,25,0.0,0.018412912924458662,0.005521999569389764
white,26,0.0,0.03828346072219488,0.0463501937746063
white,27,0.0,-0.10550118994525098,-0.0639763779527559
white,28,0.0,0.13999999038816438,0.0001951202632874023
white,29,0.0,-0.013644240972563977,-0.0326783187746063
white,30,0.0,-0.04424592265932579,-0.039101908526082675
white,31,0.0,0.12782636026697836,0.0055662140132874014
white,32,0.0,0.05038788562684547,0.001090943343996063
white,33,0.0,-0.03820776751660925,-0.017823226808562992
white,34,0.0,-0.007651501753198819,0.012644369771161417
white,35,0.0,0.07419880544106792,0.013550765871062992
white,36,0.0,-0.007536880613312008,0.03961421936515748
white,37,0.0,-0.05269328440268209,-0.029576579416830708
white,38,0.0,-0.0017344557394192914,-0.0034064345472440945
white,39,0.0,0.04249416561577264,0.021241195558562992
white,40,0.0,-0.02521881343811516,-0.0295775406003937
white,41,0.0,-0.10014211098978838,0.009298489788385827
white,42,0.0,-0.0736019104484498,0.007238673412893701
white,43,0.0,-0.044983390748031496,-0.002891240157480315
white,44,0.0,-0.002247006874384843,-0.006477416031003937
white,45,0.0,0.023940679595226378,-0.0013072096456692912
white,46,0.0,0.07239298182209646,0.0004056194635826772
white,47,0.0,-0.06633968803826279,-0.005806509904035433
white,48,0.0,-0.029552790123646654,-0.03193916861466536
white,49,0.0,0.06924414446973426,0.02539543091781496
white,50,0.0,-0.1830824003444882,-0.031703678641732284
white,51,0.0,0.15766245924581693,-0.04351470226377953
white,52,0.0,0.10059627022330217,-0.0014696496678149606
white,53,0.0,0.02250034602608268,-0.00965701125738189
white,54,0.0,0.006295512041707677,0.03894427442175197
white,55,0.0,-0.04417671744279036,-0.025876983882874016
white,56,0.0,0.0687986358882874,0.09168826125738189
white,57,0.0,0.07314558855191929,0.04429037739911417
white,58,0.0,0.00644041046382874,-0.01648429810531496
white,59,0.0,-0.09307020292507381,0.0007862481545275591
white,60,0.0,0.05685208538385827,0.05963471179872047
white,61,0.0,-0.00017301304133858275,-0.005241333968996063
white,62,0.0,-0.1268639752245325,0.01375838152066929
white,63,0.0,-0.2298543134073573,-0.06333911325049213
white,64,0.0,0.1248894638902559,0.011534202755905512
white,65,0.0,-0.04444056233083169,-0.024492879552165354
white,66,0.0,0.08992569089874508,0.009841558501476378
white,67,0.0,-0.06938255490280512,-0.00406003937007874
white,68,0.0,-0.09585787555364172,0.034458430733267716
white,69,0.0,-0.034914031742125984,0.021974578617125984
white,70,0.0,0.046094999538631894,0.0055585245447834645
white,71,0.0,0.18699033241572344,-0.023796982652559057
white,72,0.0,-0.019258514164000984,-0.02119505874753937
white,73,0.0,-0.06182404765932579,-0.0026845856914370077
white,74,0.0,-0.01800416961429626,0.02042515071358268
white,75,0.0,0.09155201348732775,-0.014473502091535433
white,76,0.0,-0.10744109867125985,-0.013628621739665354
white,77,0.0,0.16156390332800197,0.04106849009596457
white,78,0.0,0.019786203940083662,0.004532941683070866
white,79,0.0,0.044857956293061024,-0.009508988988681102
white,80,0.0,-0.054689422367125984,-0.0019742710383858267
white,81,0.0,0.06491881843626969,2.8835506889765897e-06
white,82,0.0,-0.10073468065637303,-0.013191283218503937
white,83,0.0,0.04709414985236221,-0.0031488373523622048
white,84,0.0,0.03700100155327264,0.03294360543799212
white,85,0.0,-0.04553919514333169,-0.011979230745570866
white,86,0.0,-0.07161009781003937,-0.027639794537401573
white,87,0.0,-0.054583451879306105,-0.04279862050935039
white,88,0.0,-0.007459024744709645,0.011227585199311024
white,89,0.0,0.11040394700418307,0.01764733021653543
white,90,0.0,-0.08530624269500492,-0.03164408526082677
white,91,0.0,0.0613828644039124,0.002829724409448819
white,92,0.0,-0.03844998577448327,-0.03508800596702756
white,93,0.0,0.1888978011964813,0.03291861466535433
white,94,0.0,0.04457464743786909,-0.030311884842519683
white,95,0.0,-0.03935614157849409,-0.019379382997047244
white,96,0.0,0.014003243033341536,-0.03261872539370079
white,97,0.0,-0.007260059747170276,-0.03987854484498032
white,98,0.0,-0.01462176465612697,-0.03982664093257874
white,99,0.0,-0.20856289600762795,-0.02925169937253937
white,100,0.0,-0.04298292745755414,0.011746624323326772
white,101,0.0,0.10619324211060532,0.05774886964812992
white,102,0.0,-0.19849353700172243,-0.0006978192667322835
white,103,0.0,-0.18230816698449803,0.02778204970472441
white,104,0.0,0.1570763775682825,-0.022127406803641732
white,105,0.0,-0.10672525721272146,-0.0336664154773622
white,106,0.0,-0.027351199172613187,0.008473794291338583
white,107,0.0,-0.11481145423228346,-0.049265463521161415
white,108,0.0,-0.00982281542199803,0.034134511872539366
white,109,0.0,-0.019812155896284447,-0.03222560131643701
white,110,0.0,-0.14921726016547737,-0.0008285402312992126
white,111,0.0,-0.06402563861035926,-0.024225670521653545
white,112,0.0,0.04953363373523622,-0.017423374446358268
white,113,0.0,0.011501041922982284,-0.018041415477362203
white,114,0.0,0.04651239350086122,-0.03716224009596457
white,115,0.0,0.06455765371247539,0.01692740372785433
white,116,0.0,0.13882133904404528,0.04439514640748032
white,117,0.0,-0.07288823165292815,-0.014475424458661417
white,118,0.0,-0.11758615088275098,-0.03415661909448819
white,119,0.0,0.008873406357652559,0.024713951771653545
white,120,0.0,0.023224838136687992,0.00797974593996063
white,121,0.0,-0.14566400482898623,-0.03696904219980315
white,122,0.0,0.003927396038385826,-0.06092654250738189
white,123,0.0,-0.13204139048658955,-0.027765709584153545
white,124,0.0,0.12251485989788385,0.048630121186023625
white,125,0.0,-0.09013114388533465,-0.01507808655265748
white,126,0.0,0.07418799212598425,0.07675627460629922
white,127,0.0,0.06413160909817914,0.004796305979330709
white,128,0.0,-0.011691356268454724,0.018404742864173228
white,129,0.0,-0.04766509288877953,-0.00536628783218504
white,130,0.0,0.007792074849286418,0.012343519315944882
white,131,0.0,-0.11241306094672736,-0.07895834614911418
white,132,0.0,0.02957874207984744,0.014685923658956693
white,133,0.0,-0.043856643316313976,0.04794191375492126
white,134,0.0,0.038417545829232284,0.015148252952755906
white,135,0.0,0.06636780265748031,-0.0006363035187007874
white,136,0.0,0.06704471618171752,0.05095618540846457
white,137,0.0,0.03673931932824803,0.009830024298720472
white,138,0.0,-0.012794314406988189,-0.04381651390255906
white,139,0.0,-0.01776843934547244,-0.02373258335383858
white,140,0.0,-0.029189462736835627,-0.042759211983267716
white,141,0.0,-0.10717076579416832,-0.0020953801673228344
white,142,0.0,-0.0009256197711614174,0.004189799151082677
white,143,0.0,0.008756622554749016,0.019312100147637797
white,144,0.0,-0.012841892993356299,-0.014993502399114173
white,145,0.0,-0.06322977862020178,0.003318966843011811
white,146,0.0,0.10235884058193898,0.06273837352362205
white,147,0.0,0.051657368817667325,0.0030921275221456692
white,148,0.0,-0.1469010480745571,0.0033554918184055117
white,149,0.0,-0.03466316283218504,0.06944359005905512
white,150,0.0,0.012792151743971455,0.031193290169783464
white,151,0.0,0.008516566959891732,-0.020438607283464565
white,152,0.0,0.007997527835875984,0.04317252091535433
white,153,0.0,-0.05384814645361712,-0.06664942944143701
white,154,0.0,0.11001683032418799,0.06389563853346457
white,155,0.0,-0.07260059747170275,0.005630613312007874
white,156,0.0,0.09708410548412894,0.0015369325172244095
white,157,0.0,-0.056791530819389764,-0.012394462044783465
white,158,0.0,-0.14001945435531496,-0.05181740588090551
white,159,0.0,-0.10141159418061024,0.029673658956692914
white,160,0.0,-0.1255058228500246,0.013456569881889764
white,161,0.0,0.07056769423597442,-0.01643912247785433
white,162,0.0,0.02927596925750492,-0.026826633243110236
white,163,0.0,0.05101073257566437,0.004332054318405512
white,164,0.0,0.008499265655757874,0.020117571973425195
white,165,0.0,0.20766106552965058,0.0344728484867126
white,166,0.0,0.0007115161325049212,0.03847425565944882
white,167,0.0,0.014922374815452756,0.047981322281003935
white,168,0.0,-0.003830076202632874,-0.04156349963090551
white,169,0.0,-0.11747152974286418,-0.04233533003198819
white,170,0.0,0.014608788678026575,-0.0064697265625
white,171,0.0,0.07065203809362697,-0.03094818836122047
white,172,0.0,-0.0745664581539124,-0.014339897576279528
white,173,0.0,0.045061246616633854,-0.038740503506397635
white,174,0.0,-0.154479019285187,-0.002386618786909449
white,175,0.0,0.04197080116572342,0.014392762672244094
white,176,0.0,0.024572177196112207,0.050221841166338585
white,177,0.0,-0.054319606991264764,0.007273276021161418
white,178,0.0,-0.019931102362204724,-0.010745071050688976
white,179,0.0,0.0945624404066191,0.0042993740772637795
white,180,0.0,0.027537188192052163,0.012746255228838583
white,181,0.0,-0.028828298013041338,0.024167038324311024
white,182,0.0,0.0268494613527313,0.06117068313238189
white,183,0.0,0.0017993356299212601,-0.021119125246062992
white,184,0.0,0.10702803003506398,0.08471968042568898
white,185,0.0,0.02384552242249016,0.02690929502952756
white,186,0.0,0.0007007028174212598,-0.032738873339074805
white,187,0.0,-0.06880728654035433,0.012077271468996063
white,188,0.0,-0.04704440860297736,0.003929318405511811
white,189,0.0,0.11801219549704725,-0.010949803149606299
white,190,0.0,0.05829890694205216,0.010369248277559055
white,191,0.0,-0.044129138856422244,-0.00517212875246063
white,192,0.0,-0.018293966458538386,-0.013655534879429134
white,193,0.0,-0.1789625272976132,-0.00889287032480315
white,194,0.0,-0.008754459891732284,0.008972648560531496
white,195,0.0,0.025621068759227365,0.06877268393208662
white,196,0.0,0.04409453624815453,-0.062439445435531496
white,197,0.0,0.07685888095164861,0.03733044721948819
white,198,0.0,0.04734718142531988,0.016127699003444882
white,199,0.0,0.12097504382997047,-0.00335933655265748
